donor_id,name,age,gender,blood_group,location,phone,email,availability,last_donation_days
1,Arun_1,38,Female,A+,Karur,9306697111,donor1@lifelink.com,Available,219
2,Surya_2,28,Male,A+,Tirunelveli,9292419613,donor2@lifelink.com,Available,306
3,Suresh_3,27,Male,O+,Thanjavur,9290072619,donor3@lifelink.com,Available,266
4,Divya_4,49,Male,AB-,Coimbatore,9396738036,donor4@lifelink.com,Available,256
5,Rahul_5,54,Female,A+,Tirunelveli,9686113809,donor5@lifelink.com,Available,282
6,Anitha_6,41,Female,B-,Coimbatore,9822780128,donor6@lifelink.com,Available,334
7,Divya_7,23,Female,AB-,Thanjavur,9448054714,donor7@lifelink.com,Available,44
8,Priya_8,29,Male,AB-,Dindigul,9837186446,donor8@lifelink.com,Available,30
9,Suresh_9,32,Female,B+,Salem,9315310397,donor9@lifelink.com,Unavailable,163
10,Surya_10,26,Female,A+,Salem,9701643337,donor10@lifelink.com,Available,209
11,Suresh_11,38,Male,AB-,Trichy,9587191537,donor11@lifelink.com,Available,179
12,Priya_12,55,Female,A-,Salem,9927148053,donor12@lifelink.com,Unavailable,252
13,Surya_13,32,Male,B-,Salem,9337428154,donor13@lifelink.com,Available,30
14,Priya_14,20,Female,AB+,Tirunelveli,9267576220,donor14@lifelink.com,Available,111
15,Vijay_15,45,Female,AB+,Coimbatore,9498506913,donor15@lifelink.com,Available,226
16,Surya_16,22,Female,B+,Karur,9605760858,donor16@lifelink.com,Available,305
17,Rahul_17,26,Male,AB+,Erode,9940857701,donor17@lifelink.com,Available,66
18,Vijay_18,54,Male,O-,Salem,9889036065,donor18@lifelink.com,Available,357
19,Meena_19,28,Male,AB-,Trichy,9493069708,donor19@lifelink.com,Available,64
20,Rahul_20,31,Female,A-,Karur,9898600543,donor20@lifelink.com,Available,93
21,Rahul_21,50,Female,AB+,Madurai,9923571221,donor21@lifelink.com,Available,285
22,Divya_22,39,Male,O-,Coimbatore,9168411444,donor22@lifelink.com,Available,230
23,Priya_23,29,Female,A+,Coimbatore,9618788275,donor23@lifelink.com,Available,159
24,Priya_24,40,Male,B+,Salem,9197715179,donor24@lifelink.com,Available,76
25,Nisha_25,55,Male,AB+,Erode,9869293291,donor25@lifelink.com,Unavailable,88
26,Divya_26,50,Male,A+,Karur,9108798497,donor26@lifelink.com,Available,210
27,Sneha_27,33,Female,B+,Tirunelveli,9874026401,donor27@lifelink.com,Unavailable,251
28,Divya_28,25,Female,B-,Thanjavur,9310170492,donor28@lifelink.com,Available,312
29,Karthik_29,31,Female,O+,Karur,9850212523,donor29@lifelink.com,Unavailable,308
30,Karthik_30,54,Female,O-,Erode,9979026316,donor30@lifelink.com,Unavailable,327
31,Rahul_31,37,Male,A+,Karur,9647383432,donor31@lifelink.com,Available,283
32,Karthik_32,18,Male,B-,Erode,9370926823,donor32@lifelink.com,Available,293
33,Vijay_33,37,Male,AB+,Karur,9981463618,donor33@lifelink.com,Available,335
34,Arun_34,48,Female,AB+,Karur,9299971002,donor34@lifelink.com,Unavailable,293
35,Divya_35,22,Male,B-,Coimbatore,9550601220,donor35@lifelink.com,Available,151
36,Pavithra_36,44,Female,AB+,Karur,9746393432,donor36@lifelink.com,Available,234
37,Pavithra_37,42,Male,O+,Karur,9401886810,donor37@lifelink.com,Available,265
38,Karthik_38,44,Female,B+,Thanjavur,9508557471,donor38@lifelink.com,Available,252
39,Pavithra_39,51,Female,AB+,Erode,9503356954,donor39@lifelink.com,Unavailable,247
40,Hari_40,28,Male,O+,Salem,9706801613,donor40@lifelink.com,Available,355
41,Hari_41,37,Male,O+,Salem,9814266302,donor41@lifelink.com,Unavailable,311
42,Hari_42,24,Male,O-,Tirunelveli,9236199683,donor42@lifelink.com,Available,336
43,Sneha_43,52,Male,B-,Trichy,9795368305,donor43@lifelink.com,Available,271
44,Divya_44,46,Male,O+,Tirunelveli,9570503069,donor44@lifelink.com,Unavailable,226
45,Gokul_45,46,Female,O-,Trichy,9785921284,donor45@lifelink.com,Available,60
46,Meena_46,29,Female,A+,Erode,9573147367,donor46@lifelink.com,Available,68
47,Surya_47,33,Female,B+,Erode,9714910538,donor47@lifelink.com,Available,171
48,Pavithra_48,55,Male,B-,Madurai,9581533331,donor48@lifelink.com,Available,320
49,Nisha_49,35,Male,O-,Tirunelveli,9857787941,donor49@lifelink.com,Available,237
50,Sneha_50,33,Male,B-,Trichy,9507187716,donor50@lifelink.com,Available,258
51,Karthik_51,53,Female,AB-,Trichy,9974091541,donor51@lifelink.com,Unavailable,61
52,Gokul_52,19,Female,A+,Thanjavur,9403126109,donor52@lifelink.com,Unavailable,37
53,Anitha_53,36,Male,A+,Thanjavur,9173592650,donor53@lifelink.com,Available,362
54,Vijay_54,32,Male,A-,Trichy,9947521506,donor54@lifelink.com,Available,247
55,Arun_55,25,Female,AB-,Salem,9439805073,donor55@lifelink.com,Available,53
56,Suresh_56,36,Female,AB+,Tirunelveli,9780954842,donor56@lifelink.com,Available,49
57,Karthik_57,51,Female,A+,Coimbatore,9832880291,donor57@lifelink.com,Available,312
58,Anitha_58,38,Male,A-,Salem,9293558454,donor58@lifelink.com,Unavailable,235
59,Anitha_59,55,Male,O+,Tirunelveli,9899071562,donor59@lifelink.com,Available,297
60,Divya_60,19,Female,A+,Erode,9947935127,donor60@lifelink.com,Unavailable,222
61,Surya_61,34,Female,A+,Erode,9701775730,donor61@lifelink.com,Available,256
62,Pavithra_62,54,Male,B+,Dindigul,9325545900,donor62@lifelink.com,Available,74
63,Vijay_63,37,Male,O+,Chennai,9495247206,donor63@lifelink.com,Available,114
64,Sneha_64,21,Male,A+,Thanjavur,9941913093,donor64@lifelink.com,Unavailable,274
65,Pavithra_65,53,Female,A+,Tirunelveli,9785230780,donor65@lifelink.com,Unavailable,301
66,Arun_66,25,Male,O+,Erode,9124446444,donor66@lifelink.com,Unavailable,354
67,Sneha_67,38,Female,AB+,Karur,9620107835,donor67@lifelink.com,Unavailable,293
68,Sneha_68,52,Female,B+,Salem,9702952132,donor68@lifelink.com,Unavailable,57
69,Surya_69,26,Female,B+,Trichy,9418677406,donor69@lifelink.com,Available,120
70,Nisha_70,46,Male,O-,Karur,9333068118,donor70@lifelink.com,Available,144
71,Vijay_71,38,Male,A-,Erode,9284437868,donor71@lifelink.com,Unavailable,303
72,Karthik_72,23,Female,AB-,Dindigul,9319467602,donor72@lifelink.com,Unavailable,303
73,Priya_73,42,Female,O-,Salem,9721109594,donor73@lifelink.com,Available,128
74,Surya_74,29,Male,B-,Trichy,9360407712,donor74@lifelink.com,Unavailable,103
75,Vijay_75,53,Male,AB+,Thanjavur,9439362418,donor75@lifelink.com,Available,86
76,Meena_76,44,Female,AB+,Thanjavur,9834378729,donor76@lifelink.com,Available,85
77,Sneha_77,22,Female,B+,Dindigul,9454954920,donor77@lifelink.com,Unavailable,265
78,Hari_78,36,Male,O+,Madurai,9102394196,donor78@lifelink.com,Available,322
79,Hari_79,19,Male,B+,Dindigul,9920982892,donor79@lifelink.com,Available,173
80,Rahul_80,25,Female,A-,Trichy,9708983942,donor80@lifelink.com,Available,166
81,Anitha_81,31,Male,B+,Chennai,9496052335,donor81@lifelink.com,Unavailable,48
82,Meena_82,25,Male,B+,Chennai,9982187499,donor82@lifelink.com,Unavailable,324
83,Gokul_83,24,Female,A+,Salem,9890878462,donor83@lifelink.com,Available,89
84,Vijay_84,22,Female,O-,Karur,9706423359,donor84@lifelink.com,Unavailable,49
85,Meena_85,43,Female,A+,Erode,9548164313,donor85@lifelink.com,Unavailable,169
86,Rahul_86,36,Female,O+,Salem,9866866102,donor86@lifelink.com,Unavailable,202
87,Anitha_87,23,Male,AB-,Erode,9658481846,donor87@lifelink.com,Unavailable,136
88,Surya_88,22,Male,B+,Salem,9820363560,donor88@lifelink.com,Unavailable,123
89,Hari_89,54,Female,AB-,Madurai,9910674554,donor89@lifelink.com,Available,223
90,Pavithra_90,20,Male,AB+,Coimbatore,9576196775,donor90@lifelink.com,Available,58
91,Anitha_91,31,Female,AB+,Karur,9885251219,donor91@lifelink.com,Available,264
92,Anitha_92,54,Male,B+,Tirunelveli,9789136966,donor92@lifelink.com,Available,222
93,Priya_93,18,Female,B+,Coimbatore,9848137328,donor93@lifelink.com,Available,97
94,Suresh_94,42,Male,O-,Tirunelveli,9135224421,donor94@lifelink.com,Available,42
95,Priya_95,21,Male,O+,Chennai,9373720838,donor95@lifelink.com,Available,90
96,Divya_96,29,Male,O+,Karur,9683154289,donor96@lifelink.com,Available,138
97,Priya_97,28,Female,B+,Erode,9457135258,donor97@lifelink.com,Available,148
98,Nisha_98,27,Male,O+,Chennai,9491163513,donor98@lifelink.com,Available,256
99,Gokul_99,20,Female,B+,Karur,9380557064,donor99@lifelink.com,Unavailable,120
100,Meena_100,50,Male,A+,Dindigul,9994742816,donor100@lifelink.com,Unavailable,310
101,Hari_101,55,Male,AB-,Erode,9376671998,donor101@lifelink.com,Available,312
102,Divya_102,31,Male,AB+,Tirunelveli,9350400653,donor102@lifelink.com,Available,157
103,Meena_103,54,Female,O-,Dindigul,9386261457,donor103@lifelink.com,Unavailable,104
104,Gokul_104,52,Female,A-,Dindigul,9750866430,donor104@lifelink.com,Available,314
105,Karthik_105,21,Female,O-,Trichy,9669253893,donor105@lifelink.com,Unavailable,255
106,Arun_106,46,Female,AB-,Dindigul,9163004914,donor106@lifelink.com,Available,361
107,Karthik_107,49,Female,O+,Dindigul,9790976219,donor107@lifelink.com,Available,86
108,Rahul_108,49,Male,A+,Salem,9119380267,donor108@lifelink.com,Available,229
109,Nisha_109,55,Male,B-,Madurai,9580509978,donor109@lifelink.com,Available,247
110,Meena_110,47,Female,A-,Trichy,9585822450,donor110@lifelink.com,Unavailable,66
111,Surya_111,42,Male,O-,Erode,9324256276,donor111@lifelink.com,Available,47
112,Arun_112,26,Male,AB-,Karur,9332952867,donor112@lifelink.com,Available,81
113,Priya_113,40,Male,A+,Erode,9562385739,donor113@lifelink.com,Available,111
114,Sneha_114,33,Male,A-,Madurai,9141286998,donor114@lifelink.com,Available,167
115,Rahul_115,34,Male,O-,Erode,9685526493,donor115@lifelink.com,Unavailable,139
116,Karthik_116,27,Male,B+,Erode,9791673179,donor116@lifelink.com,Unavailable,176
117,Suresh_117,48,Female,O-,Thanjavur,9588628731,donor117@lifelink.com,Unavailable,264
118,Surya_118,32,Male,AB-,Madurai,9589778789,donor118@lifelink.com,Available,323
119,Priya_119,31,Female,O+,Dindigul,9315813787,donor119@lifelink.com,Available,134
120,Karthik_120,50,Female,AB+,Thanjavur,9513062614,donor120@lifelink.com,Unavailable,356
121,Vijay_121,51,Female,B+,Tirunelveli,9465916385,donor121@lifelink.com,Unavailable,287
122,Nisha_122,43,Female,O-,Tirunelveli,9920098715,donor122@lifelink.com,Available,218
123,Priya_123,50,Female,A+,Karur,9365931218,donor123@lifelink.com,Available,277
124,Surya_124,39,Female,A-,Coimbatore,9345253588,donor124@lifelink.com,Available,275
125,Karthik_125,28,Male,A-,Salem,9383424818,donor125@lifelink.com,Available,186
126,Nisha_126,47,Male,B+,Chennai,9955080788,donor126@lifelink.com,Available,312
127,Anitha_127,43,Male,O+,Thanjavur,9575593624,donor127@lifelink.com,Available,343
128,Arun_128,31,Male,A+,Karur,9389356911,donor128@lifelink.com,Available,267
129,Suresh_129,28,Female,A-,Dindigul,9366402242,donor129@lifelink.com,Unavailable,214
130,Pavithra_130,38,Male,B-,Karur,9999442803,donor130@lifelink.com,Unavailable,114
131,Priya_131,51,Male,B+,Tirunelveli,9771958496,donor131@lifelink.com,Unavailable,353
132,Meena_132,46,Female,AB-,Thanjavur,9420564267,donor132@lifelink.com,Available,197
133,Sneha_133,21,Female,A+,Coimbatore,9158499287,donor133@lifelink.com,Available,269
134,Arun_134,43,Male,A-,Tirunelveli,9296909853,donor134@lifelink.com,Unavailable,54
135,Vijay_135,34,Female,O-,Salem,9893315496,donor135@lifelink.com,Available,187
136,Priya_136,25,Male,B+,Trichy,9119014297,donor136@lifelink.com,Unavailable,204
137,Pavithra_137,23,Male,A+,Tirunelveli,9702874482,donor137@lifelink.com,Unavailable,200
138,Meena_138,50,Male,AB+,Karur,9711059002,donor138@lifelink.com,Unavailable,55
139,Pavithra_139,24,Female,A+,Erode,9466429328,donor139@lifelink.com,Unavailable,294
140,Gokul_140,45,Female,B-,Tirunelveli,9348417703,donor140@lifelink.com,Available,212
141,Priya_141,21,Female,B-,Trichy,9728702714,donor141@lifelink.com,Available,94
142,Vijay_142,44,Male,B+,Madurai,9943218861,donor142@lifelink.com,Unavailable,76
143,Anitha_143,26,Male,AB-,Thanjavur,9638083942,donor143@lifelink.com,Available,363
144,Karthik_144,47,Male,AB+,Chennai,9384157211,donor144@lifelink.com,Available,65
145,Vijay_145,49,Male,O+,Coimbatore,9249482968,donor145@lifelink.com,Available,235
146,Divya_146,55,Female,A-,Madurai,9597149429,donor146@lifelink.com,Available,38
147,Nisha_147,38,Female,A+,Madurai,9483070749,donor147@lifelink.com,Unavailable,210
148,Gokul_148,40,Male,A+,Tirunelveli,9455360428,donor148@lifelink.com,Available,317
149,Sneha_149,22,Female,A-,Thanjavur,9732284497,donor149@lifelink.com,Available,298
150,Vijay_150,44,Female,A+,Thanjavur,9929459913,donor150@lifelink.com,Available,61
151,Karthik_151,52,Female,O-,Salem,9824896389,donor151@lifelink.com,Available,226
152,Suresh_152,30,Male,O+,Madurai,9676817012,donor152@lifelink.com,Available,325
153,Divya_153,48,Female,B-,Coimbatore,9876193723,donor153@lifelink.com,Available,282
154,Anitha_154,44,Female,A+,Salem,9827098280,donor154@lifelink.com,Available,253
155,Hari_155,37,Female,O-,Coimbatore,9990259131,donor155@lifelink.com,Unavailable,206
156,Meena_156,34,Male,AB-,Trichy,9423346330,donor156@lifelink.com,Unavailable,178
157,Gokul_157,52,Female,A+,Salem,9641933680,donor157@lifelink.com,Available,241
158,Nisha_158,25,Male,A+,Madurai,9379328678,donor158@lifelink.com,Unavailable,94
159,Arun_159,19,Male,O+,Trichy,9931404384,donor159@lifelink.com,Available,65
160,Priya_160,29,Female,B+,Karur,9564890832,donor160@lifelink.com,Available,151
161,Gokul_161,33,Male,A-,Dindigul,9249777818,donor161@lifelink.com,Available,232
162,Rahul_162,18,Male,AB-,Madurai,9616801332,donor162@lifelink.com,Available,120
163,Meena_163,48,Female,AB-,Coimbatore,9968403942,donor163@lifelink.com,Available,98
164,Surya_164,24,Male,A+,Erode,9423807857,donor164@lifelink.com,Unavailable,148
165,Sneha_165,53,Female,AB-,Madurai,9757588978,donor165@lifelink.com,Available,182
166,Nisha_166,25,Female,A-,Trichy,9724002968,donor166@lifelink.com,Available,73
167,Vijay_167,38,Female,B+,Erode,9269977091,donor167@lifelink.com,Available,66
168,Rahul_168,35,Female,B+,Karur,9448926273,donor168@lifelink.com,Unavailable,244
169,Sneha_169,45,Female,AB+,Dindigul,9408480330,donor169@lifelink.com,Available,90
170,Gokul_170,29,Male,A-,Madurai,9771476590,donor170@lifelink.com,Available,59
171,Rahul_171,47,Female,B-,Thanjavur,9104030095,donor171@lifelink.com,Available,211
172,Sneha_172,25,Female,O-,Madurai,9700680688,donor172@lifelink.com,Available,183
173,Nisha_173,51,Male,B-,Madurai,9226423597,donor173@lifelink.com,Available,101
174,Rahul_174,46,Male,B+,Coimbatore,9904162819,donor174@lifelink.com,Available,255
175,Hari_175,34,Male,AB-,Trichy,9386606072,donor175@lifelink.com,Unavailable,291
176,Suresh_176,20,Female,AB-,Chennai,9469932033,donor176@lifelink.com,Available,80
177,Anitha_177,33,Female,B+,Karur,9660183265,donor177@lifelink.com,Available,345
178,Vijay_178,21,Male,O+,Thanjavur,9660610576,donor178@lifelink.com,Available,256
179,Divya_179,30,Male,B-,Tirunelveli,9605964805,donor179@lifelink.com,Available,83
180,Priya_180,31,Female,AB-,Madurai,9792700292,donor180@lifelink.com,Available,203
181,Rahul_181,45,Female,B-,Trichy,9113416101,donor181@lifelink.com,Available,353
182,Rahul_182,37,Female,AB+,Karur,9536023487,donor182@lifelink.com,Available,67
183,Rahul_183,36,Female,B+,Trichy,9715334832,donor183@lifelink.com,Available,321
184,Suresh_184,36,Female,A+,Tirunelveli,9690912733,donor184@lifelink.com,Available,103
185,Karthik_185,45,Female,AB-,Thanjavur,9987683760,donor185@lifelink.com,Available,92
186,Gokul_186,41,Male,AB+,Trichy,9360917027,donor186@lifelink.com,Available,338
187,Vijay_187,18,Female,B+,Chennai,9534321149,donor187@lifelink.com,Available,247
188,Gokul_188,55,Male,O-,Coimbatore,9262951091,donor188@lifelink.com,Available,282
189,Sneha_189,46,Male,AB-,Erode,9484449521,donor189@lifelink.com,Available,150
190,Pavithra_190,44,Male,B+,Trichy,9403900279,donor190@lifelink.com,Available,47
191,Pavithra_191,55,Male,AB-,Coimbatore,9826136797,donor191@lifelink.com,Available,164
192,Suresh_192,37,Female,A-,Tirunelveli,9943950366,donor192@lifelink.com,Available,337
193,Hari_193,37,Female,B-,Dindigul,9435398340,donor193@lifelink.com,Available,245
194,Anitha_194,45,Male,A-,Madurai,9361740974,donor194@lifelink.com,Available,312
195,Surya_195,41,Male,AB-,Coimbatore,9651339779,donor195@lifelink.com,Unavailable,288
196,Anitha_196,20,Male,B-,Coimbatore,9327009090,donor196@lifelink.com,Available,133
197,Divya_197,26,Female,B+,Trichy,9150436594,donor197@lifelink.com,Unavailable,165
198,Nisha_198,55,Female,B+,Madurai,9145737084,donor198@lifelink.com,Available,260
199,Meena_199,19,Female,O+,Madurai,9375169810,donor199@lifelink.com,Available,327
200,Pavithra_200,41,Female,O-,Chennai,9747153283,donor200@lifelink.com,Available,212
201,Gokul_201,32,Male,O-,Trichy,9686847073,donor201@lifelink.com,Unavailable,42
202,Hari_202,49,Female,AB-,Tirunelveli,9940022963,donor202@lifelink.com,Available,133
203,Sneha_203,52,Female,O+,Chennai,9835184959,donor203@lifelink.com,Unavailable,288
204,Arun_204,44,Female,AB+,Coimbatore,9382331484,donor204@lifelink.com,Unavailable,138
205,Surya_205,52,Female,A-,Trichy,9797021929,donor205@lifelink.com,Unavailable,257
206,Suresh_206,26,Female,O-,Salem,9205849919,donor206@lifelink.com,Available,154
207,Divya_207,18,Female,A+,Coimbatore,9426157345,donor207@lifelink.com,Available,291
208,Suresh_208,22,Female,O+,Dindigul,9801874372,donor208@lifelink.com,Available,45
209,Rahul_209,51,Female,B-,Erode,9216459464,donor209@lifelink.com,Unavailable,183
210,Suresh_210,35,Male,O+,Chennai,9432216301,donor210@lifelink.com,Unavailable,39
211,Pavithra_211,49,Female,AB-,Chennai,9248726619,donor211@lifelink.com,Available,184
212,Sneha_212,31,Female,O-,Chennai,9854564596,donor212@lifelink.com,Unavailable,261
213,Suresh_213,25,Female,O+,Karur,9638255791,donor213@lifelink.com,Available,156
214,Suresh_214,50,Female,O+,Trichy,9855607985,donor214@lifelink.com,Available,248
215,Nisha_215,53,Female,O+,Salem,9630521319,donor215@lifelink.com,Unavailable,118
216,Anitha_216,23,Male,A+,Erode,9485247487,donor216@lifelink.com,Available,133
217,Anitha_217,42,Female,B-,Salem,9392778855,donor217@lifelink.com,Available,184
218,Meena_218,26,Male,AB-,Tirunelveli,9516903187,donor218@lifelink.com,Available,273
219,Sneha_219,18,Male,O+,Coimbatore,9193034578,donor219@lifelink.com,Available,138
220,Meena_220,28,Male,B+,Madurai,9881428269,donor220@lifelink.com,Available,259
221,Anitha_221,28,Female,O+,Karur,9174256948,donor221@lifelink.com,Unavailable,191
222,Hari_222,24,Female,B+,Coimbatore,9327349807,donor222@lifelink.com,Available,194
223,Anitha_223,25,Female,O-,Thanjavur,9320561018,donor223@lifelink.com,Available,303
224,Divya_224,42,Male,A-,Trichy,9976991140,donor224@lifelink.com,Available,288
225,Divya_225,24,Female,O+,Trichy,9583412875,donor225@lifelink.com,Available,132
226,Surya_226,18,Female,A-,Dindigul,9748007029,donor226@lifelink.com,Unavailable,44
227,Anitha_227,33,Female,B+,Erode,9910727788,donor227@lifelink.com,Unavailable,189
228,Priya_228,46,Male,B+,Thanjavur,9379312120,donor228@lifelink.com,Available,77
229,Arun_229,21,Female,AB+,Coimbatore,9715882563,donor229@lifelink.com,Available,364
230,Anitha_230,33,Male,O-,Coimbatore,9399543130,donor230@lifelink.com,Unavailable,362
231,Meena_231,38,Male,A-,Trichy,9313395684,donor231@lifelink.com,Available,263
232,Nisha_232,30,Male,O-,Erode,9793407642,donor232@lifelink.com,Available,93
233,Meena_233,22,Male,AB-,Coimbatore,9595231042,donor233@lifelink.com,Available,303
234,Karthik_234,21,Female,B+,Coimbatore,9561126179,donor234@lifelink.com,Unavailable,194
235,Anitha_235,34,Male,A-,Chennai,9196812512,donor235@lifelink.com,Available,150
236,Surya_236,26,Female,AB-,Madurai,9466325625,donor236@lifelink.com,Available,364
237,Pavithra_237,36,Male,A+,Erode,9243507028,donor237@lifelink.com,Available,126
238,Pavithra_238,55,Male,AB-,Trichy,9925480246,donor238@lifelink.com,Unavailable,77
239,Suresh_239,22,Male,O+,Erode,9521417463,donor239@lifelink.com,Available,194
240,Meena_240,27,Female,A+,Trichy,9433494836,donor240@lifelink.com,Available,315
241,Hari_241,33,Male,A+,Dindigul,9437928924,donor241@lifelink.com,Available,280
242,Surya_242,26,Female,A-,Tirunelveli,9455525110,donor242@lifelink.com,Available,165
243,Karthik_243,55,Female,B+,Tirunelveli,9907529448,donor243@lifelink.com,Available,255
244,Hari_244,50,Female,AB+,Thanjavur,9526341656,donor244@lifelink.com,Unavailable,119
245,Meena_245,26,Female,B+,Erode,9861620910,donor245@lifelink.com,Available,263
246,Pavithra_246,19,Male,O-,Coimbatore,9668343431,donor246@lifelink.com,Available,268
247,Karthik_247,41,Male,B+,Madurai,9908114792,donor247@lifelink.com,Available,202
248,Arun_248,50,Male,A-,Trichy,9602893042,donor248@lifelink.com,Available,334
249,Rahul_249,38,Male,A-,Karur,9525873867,donor249@lifelink.com,Available,213
250,Priya_250,26,Male,O-,Erode,9531284785,donor250@lifelink.com,Available,299
251,Arun_251,31,Female,B+,Chennai,9364029483,donor251@lifelink.com,Unavailable,205
252,Rahul_252,23,Female,O-,Erode,9690959129,donor252@lifelink.com,Available,31
253,Sneha_253,20,Male,AB-,Trichy,9832895920,donor253@lifelink.com,Available,61
254,Anitha_254,48,Male,A-,Thanjavur,9730639089,donor254@lifelink.com,Available,302
255,Arun_255,29,Female,AB+,Salem,9311556214,donor255@lifelink.com,Available,223
256,Anitha_256,55,Female,O-,Salem,9595051108,donor256@lifelink.com,Available,95
257,Rahul_257,43,Female,B+,Tirunelveli,9461548879,donor257@lifelink.com,Available,318
258,Vijay_258,29,Male,AB-,Trichy,9910420190,donor258@lifelink.com,Unavailable,183
259,Rahul_259,55,Male,O+,Trichy,9362830356,donor259@lifelink.com,Unavailable,263
260,Vijay_260,29,Female,B+,Thanjavur,9245249884,donor260@lifelink.com,Available,97
261,Suresh_261,28,Male,B-,Trichy,9484098323,donor261@lifelink.com,Available,176
262,Gokul_262,33,Female,A-,Thanjavur,9822482968,donor262@lifelink.com,Unavailable,359
263,Meena_263,42,Male,B-,Dindigul,9577776408,donor263@lifelink.com,Unavailable,333
264,Meena_264,53,Male,A-,Erode,9798169501,donor264@lifelink.com,Available,116
265,Pavithra_265,33,Female,AB+,Coimbatore,9497259685,donor265@lifelink.com,Available,199
266,Vijay_266,42,Female,B-,Trichy,9779481952,donor266@lifelink.com,Unavailable,140
267,Divya_267,50,Female,B+,Trichy,9862731285,donor267@lifelink.com,Available,159
268,Rahul_268,33,Male,AB+,Tirunelveli,9151501383,donor268@lifelink.com,Available,294
269,Gokul_269,43,Female,A-,Madurai,9184026407,donor269@lifelink.com,Available,340
270,Nisha_270,55,Male,A+,Salem,9683714280,donor270@lifelink.com,Available,355
271,Anitha_271,21,Male,A+,Thanjavur,9922234491,donor271@lifelink.com,Available,124
272,Sneha_272,20,Female,AB-,Trichy,9200784360,donor272@lifelink.com,Available,92
273,Vijay_273,49,Female,AB+,Trichy,9382275885,donor273@lifelink.com,Available,269
274,Priya_274,32,Female,A-,Madurai,9513603369,donor274@lifelink.com,Available,179
275,Meena_275,42,Male,AB-,Tirunelveli,9165550682,donor275@lifelink.com,Available,306
276,Anitha_276,46,Female,O-,Karur,9612460397,donor276@lifelink.com,Available,102
277,Priya_277,36,Female,AB+,Thanjavur,9239120318,donor277@lifelink.com,Unavailable,219
278,Meena_278,47,Male,AB+,Tirunelveli,9559899835,donor278@lifelink.com,Unavailable,233
279,Divya_279,27,Female,B-,Trichy,9886018401,donor279@lifelink.com,Available,137
280,Karthik_280,31,Female,O+,Coimbatore,9412300325,donor280@lifelink.com,Available,251
281,Arun_281,42,Male,B-,Erode,9257914496,donor281@lifelink.com,Available,39
282,Rahul_282,25,Female,B+,Erode,9429534388,donor282@lifelink.com,Available,180
283,Rahul_283,42,Female,B+,Thanjavur,9368884036,donor283@lifelink.com,Available,48
284,Hari_284,54,Female,O+,Thanjavur,9774567827,donor284@lifelink.com,Unavailable,160
285,Nisha_285,50,Male,O+,Salem,9328308006,donor285@lifelink.com,Available,227
286,Arun_286,31,Male,B+,Dindigul,9870763683,donor286@lifelink.com,Available,186
287,Sneha_287,30,Female,O+,Erode,9646531996,donor287@lifelink.com,Available,321
288,Divya_288,55,Male,A+,Trichy,9499498615,donor288@lifelink.com,Available,215
289,Pavithra_289,20,Female,A-,Tirunelveli,9903221454,donor289@lifelink.com,Available,212
290,Suresh_290,51,Male,O-,Salem,9614361438,donor290@lifelink.com,Available,33
291,Karthik_291,44,Female,B+,Salem,9870109082,donor291@lifelink.com,Available,117
292,Vijay_292,50,Male,AB-,Thanjavur,9113566886,donor292@lifelink.com,Available,242
293,Sneha_293,53,Male,O+,Trichy,9664570566,donor293@lifelink.com,Available,337
294,Vijay_294,53,Female,AB-,Chennai,9206316089,donor294@lifelink.com,Unavailable,203
295,Divya_295,51,Male,AB+,Salem,9479282078,donor295@lifelink.com,Available,304
296,Hari_296,49,Male,AB+,Coimbatore,9371436808,donor296@lifelink.com,Unavailable,84
297,Vijay_297,50,Female,AB+,Chennai,9993227365,donor297@lifelink.com,Available,344
298,Divya_298,49,Male,AB-,Madurai,9903944404,donor298@lifelink.com,Available,341
299,Gokul_299,36,Female,B+,Salem,9446809580,donor299@lifelink.com,Available,242
300,Nisha_300,22,Male,A+,Chennai,9505267406,donor300@lifelink.com,Available,323
301,Surya_301,32,Male,AB-,Erode,9868378104,donor301@lifelink.com,Available,118
302,Divya_302,40,Male,A-,Chennai,9394168540,donor302@lifelink.com,Available,135
303,Karthik_303,24,Female,AB+,Dindigul,9513165695,donor303@lifelink.com,Available,39
304,Rahul_304,35,Male,B+,Thanjavur,9186926454,donor304@lifelink.com,Available,157
305,Pavithra_305,43,Male,B-,Karur,9554918046,donor305@lifelink.com,Available,106
306,Surya_306,53,Male,O+,Thanjavur,9807184508,donor306@lifelink.com,Unavailable,304
307,Anitha_307,26,Male,B+,Thanjavur,9872105263,donor307@lifelink.com,Available,298
308,Surya_308,29,Female,B+,Trichy,9902390314,donor308@lifelink.com,Available,264
309,Priya_309,24,Male,A+,Chennai,9699992060,donor309@lifelink.com,Available,161
310,Suresh_310,24,Female,A+,Salem,9249443441,donor310@lifelink.com,Unavailable,302
311,Hari_311,20,Female,AB-,Madurai,9906369330,donor311@lifelink.com,Unavailable,307
312,Gokul_312,29,Female,AB-,Coimbatore,9102075610,donor312@lifelink.com,Available,294
313,Pavithra_313,37,Male,AB-,Chennai,9423221922,donor313@lifelink.com,Available,324
314,Arun_314,24,Male,O-,Dindigul,9267118384,donor314@lifelink.com,Available,344
315,Surya_315,38,Female,B-,Chennai,9304343084,donor315@lifelink.com,Available,95
316,Hari_316,32,Female,O-,Erode,9284760154,donor316@lifelink.com,Available,312
317,Meena_317,54,Female,O+,Salem,9274829848,donor317@lifelink.com,Unavailable,68
318,Divya_318,54,Male,AB+,Chennai,9688080033,donor318@lifelink.com,Unavailable,82
319,Meena_319,37,Female,A-,Chennai,9533473998,donor319@lifelink.com,Available,137
320,Nisha_320,22,Female,B+,Chennai,9631841137,donor320@lifelink.com,Available,37
321,Karthik_321,23,Female,AB-,Karur,9294196827,donor321@lifelink.com,Available,41
322,Nisha_322,46,Female,A-,Thanjavur,9611880700,donor322@lifelink.com,Available,228
323,Meena_323,51,Female,O-,Karur,9481455834,donor323@lifelink.com,Available,286
324,Divya_324,42,Male,O+,Dindigul,9132431773,donor324@lifelink.com,Available,165
325,Hari_325,37,Female,A+,Chennai,9403603606,donor325@lifelink.com,Available,193
326,Arun_326,50,Male,A-,Madurai,9257249957,donor326@lifelink.com,Available,236
327,Pavithra_327,42,Female,AB+,Dindigul,9860920071,donor327@lifelink.com,Available,335
328,Sneha_328,43,Female,B+,Karur,9452520457,donor328@lifelink.com,Available,166
329,Surya_329,33,Female,AB-,Karur,9561854616,donor329@lifelink.com,Available,362
330,Vijay_330,51,Male,B+,Dindigul,9510972532,donor330@lifelink.com,Available,301
331,Meena_331,40,Male,B+,Karur,9157303716,donor331@lifelink.com,Available,334
332,Meena_332,53,Female,AB+,Chennai,9171982688,donor332@lifelink.com,Available,263
333,Vijay_333,37,Male,AB-,Tirunelveli,9781232172,donor333@lifelink.com,Available,35
334,Hari_334,29,Female,A-,Coimbatore,9550669276,donor334@lifelink.com,Unavailable,113
335,Gokul_335,29,Male,O+,Erode,9355698219,donor335@lifelink.com,Available,36
336,Pavithra_336,30,Female,AB-,Madurai,9677699962,donor336@lifelink.com,Available,72
337,Hari_337,22,Female,B-,Coimbatore,9321780767,donor337@lifelink.com,Unavailable,69
338,Arun_338,23,Female,A+,Erode,9122587850,donor338@lifelink.com,Available,119
339,Karthik_339,41,Male,O-,Coimbatore,9412542688,donor339@lifelink.com,Available,301
340,Anitha_340,34,Male,A+,Erode,9773545522,donor340@lifelink.com,Unavailable,33
341,Priya_341,38,Male,B-,Tirunelveli,9624563058,donor341@lifelink.com,Available,212
342,Nisha_342,22,Female,AB-,Madurai,9747725400,donor342@lifelink.com,Unavailable,207
343,Gokul_343,35,Male,O+,Erode,9689140519,donor343@lifelink.com,Unavailable,210
344,Surya_344,30,Male,AB+,Karur,9361505719,donor344@lifelink.com,Unavailable,251
345,Priya_345,53,Female,B+,Erode,9485756238,donor345@lifelink.com,Available,232
346,Priya_346,19,Female,O+,Erode,9531201746,donor346@lifelink.com,Available,209
347,Surya_347,41,Male,O+,Thanjavur,9547021098,donor347@lifelink.com,Available,180
348,Pavithra_348,22,Female,O-,Chennai,9510778232,donor348@lifelink.com,Unavailable,86
349,Surya_349,32,Male,O+,Salem,9379153964,donor349@lifelink.com,Available,151
350,Surya_350,32,Male,O-,Karur,9957998948,donor350@lifelink.com,Available,231
351,Arun_351,35,Male,B+,Karur,9742071166,donor351@lifelink.com,Available,60
352,Rahul_352,41,Male,O+,Coimbatore,9668684051,donor352@lifelink.com,Available,121
353,Vijay_353,53,Male,A-,Erode,9222684366,donor353@lifelink.com,Available,341
354,Suresh_354,43,Male,O-,Coimbatore,9174130691,donor354@lifelink.com,Unavailable,130
355,Meena_355,36,Female,A+,Salem,9885587706,donor355@lifelink.com,Available,86
356,Gokul_356,19,Female,A+,Thanjavur,9885573287,donor356@lifelink.com,Unavailable,310
357,Karthik_357,38,Female,A+,Salem,9686585808,donor357@lifelink.com,Available,239
358,Hari_358,23,Female,A-,Karur,9833503347,donor358@lifelink.com,Available,56
359,Nisha_359,30,Male,AB-,Salem,9835358197,donor359@lifelink.com,Unavailable,214
360,Gokul_360,41,Female,B+,Chennai,9310427386,donor360@lifelink.com,Available,205
361,Arun_361,38,Male,AB-,Trichy,9278525695,donor361@lifelink.com,Unavailable,134
362,Sneha_362,20,Female,AB-,Trichy,9183297694,donor362@lifelink.com,Available,41
363,Surya_363,54,Male,B-,Dindigul,9485950430,donor363@lifelink.com,Unavailable,99
364,Karthik_364,43,Male,O+,Erode,9192342883,donor364@lifelink.com,Available,140
365,Divya_365,29,Female,AB+,Karur,9431985042,donor365@lifelink.com,Available,178
366,Gokul_366,38,Female,O+,Chennai,9837155994,donor366@lifelink.com,Available,149
367,Surya_367,29,Male,B+,Thanjavur,9576051610,donor367@lifelink.com,Available,329
368,Divya_368,36,Female,AB+,Salem,9263467177,donor368@lifelink.com,Available,45
369,Nisha_369,52,Male,B+,Tirunelveli,9507447710,donor369@lifelink.com,Available,141
370,Gokul_370,22,Female,O-,Trichy,9732519796,donor370@lifelink.com,Unavailable,151
371,Divya_371,46,Female,O+,Coimbatore,9905127428,donor371@lifelink.com,Available,339
372,Karthik_372,51,Male,O+,Erode,9484138680,donor372@lifelink.com,Available,240
373,Sneha_373,33,Male,B-,Tirunelveli,9831334504,donor373@lifelink.com,Available,337
374,Sneha_374,50,Female,AB-,Tirunelveli,9871464944,donor374@lifelink.com,Unavailable,45
375,Meena_375,26,Male,A-,Karur,9230121895,donor375@lifelink.com,Unavailable,160
376,Suresh_376,47,Female,B-,Erode,9781802720,donor376@lifelink.com,Available,241
377,Rahul_377,45,Male,B+,Erode,9192475181,donor377@lifelink.com,Available,274
378,Gokul_378,46,Male,B-,Dindigul,9672339791,donor378@lifelink.com,Unavailable,351
379,Arun_379,40,Male,B+,Tirunelveli,9361006836,donor379@lifelink.com,Available,268
380,Rahul_380,54,Female,AB-,Tirunelveli,9239536441,donor380@lifelink.com,Unavailable,322
381,Meena_381,43,Male,B+,Coimbatore,9185509692,donor381@lifelink.com,Available,175
382,Karthik_382,19,Female,AB-,Trichy,9754913482,donor382@lifelink.com,Unavailable,210
383,Meena_383,22,Male,AB-,Salem,9416334142,donor383@lifelink.com,Unavailable,245
384,Gokul_384,19,Female,A+,Trichy,9633804136,donor384@lifelink.com,Available,265
385,Suresh_385,21,Female,AB-,Coimbatore,9539054443,donor385@lifelink.com,Available,312
386,Arun_386,20,Female,O+,Erode,9789989512,donor386@lifelink.com,Available,253
387,Anitha_387,21,Female,AB+,Chennai,9518941635,donor387@lifelink.com,Available,196
388,Arun_388,26,Female,A-,Trichy,9329306449,donor388@lifelink.com,Available,270
389,Suresh_389,37,Male,A-,Karur,9580009194,donor389@lifelink.com,Available,280
390,Anitha_390,40,Male,B+,Madurai,9927092543,donor390@lifelink.com,Available,112
391,Hari_391,19,Male,B-,Dindigul,9720863115,donor391@lifelink.com,Unavailable,208
392,Pavithra_392,19,Male,AB-,Erode,9803023165,donor392@lifelink.com,Available,259
393,Gokul_393,31,Female,A+,Madurai,9746463101,donor393@lifelink.com,Available,84
394,Arun_394,47,Female,B-,Coimbatore,9121910130,donor394@lifelink.com,Available,345
395,Divya_395,54,Female,B+,Trichy,9413606836,donor395@lifelink.com,Available,308
396,Priya_396,25,Female,O-,Dindigul,9213875880,donor396@lifelink.com,Unavailable,62
397,Hari_397,21,Female,AB+,Madurai,9111678695,donor397@lifelink.com,Unavailable,335
398,Sneha_398,18,Female,O-,Karur,9989221078,donor398@lifelink.com,Available,349
399,Anitha_399,41,Female,B-,Madurai,9223715475,donor399@lifelink.com,Unavailable,247
400,Rahul_400,36,Male,B-,Salem,9601197109,donor400@lifelink.com,Available,124
401,Vijay_401,53,Male,B+,Coimbatore,9882101707,donor401@lifelink.com,Available,293
402,Surya_402,44,Male,O+,Chennai,9481730599,donor402@lifelink.com,Available,149
403,Hari_403,54,Female,AB-,Salem,9320832042,donor403@lifelink.com,Unavailable,333
404,Nisha_404,29,Female,A-,Coimbatore,9711429349,donor404@lifelink.com,Unavailable,262
405,Anitha_405,24,Male,AB+,Thanjavur,9348053454,donor405@lifelink.com,Available,188
406,Hari_406,45,Male,O-,Trichy,9450448108,donor406@lifelink.com,Available,75
407,Suresh_407,37,Female,O+,Trichy,9167181062,donor407@lifelink.com,Available,262
408,Meena_408,49,Male,AB-,Madurai,9792249503,donor408@lifelink.com,Unavailable,311
409,Surya_409,48,Female,AB+,Trichy,9231717265,donor409@lifelink.com,Unavailable,79
410,Rahul_410,23,Male,A+,Trichy,9384225461,donor410@lifelink.com,Available,240
411,Karthik_411,42,Male,O+,Trichy,9679431497,donor411@lifelink.com,Available,228
412,Vijay_412,50,Female,A+,Karur,9981408954,donor412@lifelink.com,Available,181
413,Divya_413,45,Female,AB-,Dindigul,9236189270,donor413@lifelink.com,Available,210
414,Priya_414,30,Female,A+,Coimbatore,9336802854,donor414@lifelink.com,Unavailable,339
415,Sneha_415,50,Male,A+,Tirunelveli,9876194187,donor415@lifelink.com,Unavailable,81
416,Hari_416,25,Male,A+,Erode,9508883665,donor416@lifelink.com,Available,226
417,Hari_417,38,Female,AB-,Trichy,9769845323,donor417@lifelink.com,Available,148
418,Rahul_418,46,Female,AB+,Madurai,9911160311,donor418@lifelink.com,Available,190
419,Arun_419,39,Male,B-,Chennai,9539111062,donor419@lifelink.com,Unavailable,260
420,Arun_420,22,Female,B+,Chennai,9214836976,donor420@lifelink.com,Available,183
421,Arun_421,39,Female,B-,Dindigul,9987851648,donor421@lifelink.com,Available,334
422,Sneha_422,31,Female,AB+,Dindigul,9305011605,donor422@lifelink.com,Unavailable,292
423,Gokul_423,21,Male,B-,Madurai,9406209632,donor423@lifelink.com,Available,175
424,Suresh_424,42,Female,A-,Trichy,9544320539,donor424@lifelink.com,Available,248
425,Surya_425,47,Female,AB+,Thanjavur,9340335652,donor425@lifelink.com,Available,129
426,Anitha_426,45,Female,A+,Trichy,9635957000,donor426@lifelink.com,Available,159
427,Priya_427,34,Female,A+,Madurai,9526093824,donor427@lifelink.com,Available,34
428,Meena_428,45,Female,B+,Dindigul,9884744774,donor428@lifelink.com,Available,339
429,Sneha_429,35,Male,B+,Erode,9462372442,donor429@lifelink.com,Available,311
430,Sneha_430,45,Male,O+,Coimbatore,9695769542,donor430@lifelink.com,Available,260
431,Surya_431,18,Male,O+,Salem,9654000728,donor431@lifelink.com,Available,324
432,Suresh_432,28,Male,B+,Tirunelveli,9323155154,donor432@lifelink.com,Unavailable,39
433,Gokul_433,45,Female,AB-,Erode,9576504200,donor433@lifelink.com,Available,161
434,Karthik_434,30,Male,AB-,Karur,9576767770,donor434@lifelink.com,Available,352
435,Gokul_435,55,Male,O+,Chennai,9418889272,donor435@lifelink.com,Available,138
436,Rahul_436,23,Male,AB+,Trichy,9898450348,donor436@lifelink.com,Available,312
437,Surya_437,25,Male,A-,Tirunelveli,9774467153,donor437@lifelink.com,Available,111
438,Karthik_438,52,Male,O+,Chennai,9768124203,donor438@lifelink.com,Available,299
439,Gokul_439,50,Male,B-,Trichy,9177484676,donor439@lifelink.com,Available,144
440,Sneha_440,54,Male,O-,Dindigul,9579720398,donor440@lifelink.com,Unavailable,253
441,Rahul_441,38,Female,AB-,Dindigul,9814135186,donor441@lifelink.com,Available,44
442,Priya_442,44,Male,A+,Dindigul,9235165048,donor442@lifelink.com,Available,86
443,Surya_443,39,Male,O+,Tirunelveli,9826261323,donor443@lifelink.com,Available,115
444,Hari_444,38,Male,A+,Salem,9748232749,donor444@lifelink.com,Unavailable,318
445,Karthik_445,32,Female,B-,Madurai,9990808792,donor445@lifelink.com,Available,275
446,Pavithra_446,40,Female,AB-,Thanjavur,9211987080,donor446@lifelink.com,Available,212
447,Surya_447,37,Male,O+,Thanjavur,9242457828,donor447@lifelink.com,Available,197
448,Vijay_448,46,Male,O+,Chennai,9257868459,donor448@lifelink.com,Unavailable,193
449,Surya_449,38,Male,B+,Trichy,9604129283,donor449@lifelink.com,Available,56
450,Surya_450,53,Female,A-,Madurai,9832756820,donor450@lifelink.com,Available,202
451,Vijay_451,27,Female,AB-,Trichy,9526931019,donor451@lifelink.com,Unavailable,73
452,Sneha_452,42,Male,A-,Thanjavur,9115609254,donor452@lifelink.com,Available,120
453,Gokul_453,39,Female,AB-,Trichy,9366938993,donor453@lifelink.com,Available,141
454,Nisha_454,45,Female,AB+,Coimbatore,9124469597,donor454@lifelink.com,Available,185
455,Meena_455,22,Female,A-,Tirunelveli,9224917399,donor455@lifelink.com,Available,101
456,Divya_456,45,Female,AB+,Chennai,9573889349,donor456@lifelink.com,Available,204
457,Nisha_457,18,Male,O+,Madurai,9504362726,donor457@lifelink.com,Available,237
458,Anitha_458,30,Female,A-,Erode,9192224243,donor458@lifelink.com,Available,98
459,Pavithra_459,50,Male,B-,Karur,9986784062,donor459@lifelink.com,Available,36
460,Gokul_460,21,Male,AB+,Karur,9249226631,donor460@lifelink.com,Available,284
461,Hari_461,38,Female,A-,Erode,9918455098,donor461@lifelink.com,Available,67
462,Rahul_462,50,Male,A-,Trichy,9741061524,donor462@lifelink.com,Unavailable,178
463,Surya_463,55,Male,O+,Madurai,9673611284,donor463@lifelink.com,Unavailable,354
464,Priya_464,39,Female,O-,Trichy,9237542845,donor464@lifelink.com,Unavailable,204
465,Hari_465,37,Female,A+,Madurai,9596752534,donor465@lifelink.com,Unavailable,82
466,Meena_466,28,Male,A-,Thanjavur,9694917400,donor466@lifelink.com,Available,336
467,Karthik_467,33,Female,AB-,Dindigul,9626972144,donor467@lifelink.com,Available,136
468,Surya_468,43,Male,O-,Salem,9652911392,donor468@lifelink.com,Available,181
469,Karthik_469,34,Female,O-,Salem,9912985694,donor469@lifelink.com,Available,203
470,Hari_470,20,Female,O-,Karur,9576057883,donor470@lifelink.com,Available,221
471,Meena_471,53,Female,A-,Erode,9490574124,donor471@lifelink.com,Available,182
472,Anitha_472,24,Female,O-,Salem,9839044273,donor472@lifelink.com,Available,185
473,Vijay_473,48,Male,O-,Coimbatore,9296496901,donor473@lifelink.com,Available,202
474,Suresh_474,33,Female,O-,Chennai,9237447896,donor474@lifelink.com,Available,41
475,Suresh_475,40,Male,AB+,Trichy,9790009980,donor475@lifelink.com,Unavailable,289
476,Gokul_476,37,Female,O-,Salem,9150501154,donor476@lifelink.com,Available,86
477,Sneha_477,31,Female,O-,Trichy,9383734044,donor477@lifelink.com,Unavailable,342
478,Divya_478,41,Male,B+,Chennai,9172588193,donor478@lifelink.com,Available,160
479,Vijay_479,48,Male,O+,Coimbatore,9113379796,donor479@lifelink.com,Available,320
480,Anitha_480,39,Male,A-,Trichy,9394254845,donor480@lifelink.com,Available,347
481,Gokul_481,26,Male,AB-,Coimbatore,9873367626,donor481@lifelink.com,Unavailable,63
482,Priya_482,24,Female,AB-,Erode,9721670629,donor482@lifelink.com,Available,209
483,Priya_483,30,Male,O+,Trichy,9845522071,donor483@lifelink.com,Available,67
484,Gokul_484,47,Male,A-,Erode,9320824111,donor484@lifelink.com,Unavailable,209
485,Suresh_485,33,Female,A-,Coimbatore,9389496060,donor485@lifelink.com,Available,175
486,Vijay_486,28,Male,AB+,Salem,9800020154,donor486@lifelink.com,Unavailable,120
487,Nisha_487,20,Female,AB-,Madurai,9239986080,donor487@lifelink.com,Available,336
488,Gokul_488,20,Male,A+,Tirunelveli,9480758361,donor488@lifelink.com,Unavailable,304
489,Suresh_489,44,Male,A+,Salem,9432105989,donor489@lifelink.com,Available,343
490,Gokul_490,44,Female,O-,Coimbatore,9673040829,donor490@lifelink.com,Unavailable,102
491,Nisha_491,47,Female,B-,Salem,9774520942,donor491@lifelink.com,Available,179
492,Sneha_492,20,Male,B-,Thanjavur,9592158048,donor492@lifelink.com,Available,128
493,Anitha_493,46,Female,A-,Coimbatore,9177812450,donor493@lifelink.com,Unavailable,75
494,Karthik_494,24,Male,AB-,Karur,9912168011,donor494@lifelink.com,Unavailable,251
495,Karthik_495,23,Male,A+,Dindigul,9527076006,donor495@lifelink.com,Available,206
496,Divya_496,22,Male,A+,Thanjavur,9483971103,donor496@lifelink.com,Unavailable,345
497,Rahul_497,52,Female,A-,Madurai,9469940186,donor497@lifelink.com,Unavailable,264
498,Nisha_498,44,Female,B-,Trichy,9862216566,donor498@lifelink.com,Available,136
499,Karthik_499,53,Female,O+,Chennai,9842125927,donor499@lifelink.com,Available,107
500,Karthik_500,29,Female,AB-,Coimbatore,9325445019,donor500@lifelink.com,Available,340
